00300.jpg,2
00450.jpg,2
00600.jpg,2
00750.jpg,2
00900.jpg,1
01050.jpg,1
01200.jpg,1
01350.jpg,1
01500.jpg,1
01650.jpg,1
01800.jpg,1
01950.jpg,1
02100.jpg,1
02250.jpg,1
02400.jpg,1
02550.jpg,1
02700.jpg,1
02850.jpg,1
03000.jpg,1
03150.jpg,1
03300.jpg,1
03450.jpg,1
03600.jpg,1
03750.jpg,1
03900.jpg,1
04050.jpg,1
04200.jpg,1
04350.jpg,1
04500.jpg,1
04650.jpg,1
04800.jpg,1
04950.jpg,1
05100.jpg,1
05250.jpg,1
05400.jpg,1
05550.jpg,1
05700.jpg,1
05850.jpg,1
06000.jpg,1
06150.jpg,1
06300.jpg,1
06450.jpg,1
06600.jpg,1
06750.jpg,1
06900.jpg,1
07050.jpg,1
07200.jpg,1
07350.jpg,1
07500.jpg,1
07650.jpg,1
07800.jpg,1
07950.jpg,1
08100.jpg,1
08250.jpg,1
08400.jpg,1
08550.jpg,1
08700.jpg,1
08850.jpg,1
09000.jpg,1
09150.jpg,1
09300.jpg,1
09450.jpg,1
09600.jpg,1
09750.jpg,1
09900.jpg,1
10050.jpg,1
10200.jpg,1
10350.jpg,1
10500.jpg,1
10650.jpg,1
10800.jpg,1
10950.jpg,1
11100.jpg,1
11250.jpg,1
11400.jpg,1
11550.jpg,1
11700.jpg,1
11850.jpg,1
12000.jpg,1
12150.jpg,1
12300.jpg,1
12450.jpg,0
12600.jpg,1
12750.jpg,1
12900.jpg,1
13050.jpg,1
13200.jpg,1
13350.jpg,1
13500.jpg,1
13650.jpg,1
13800.jpg,2
13950.jpg,1
14100.jpg,1
14250.jpg,1
14400.jpg,1
14550.jpg,1
14700.jpg,2
14850.jpg,2
15000.jpg,1
15150.jpg,2
15300.jpg,2
15450.jpg,2
15600.jpg,2
15750.jpg,1
15900.jpg,2
16050.jpg,1
16200.jpg,1
16350.jpg,1
16500.jpg,1
16650.jpg,2
16800.jpg,1
16950.jpg,1
17100.jpg,2
17250.jpg,2
17400.jpg,1
17550.jpg,2
17700.jpg,1
17850.jpg,1
18000.jpg,1
18150.jpg,1
18300.jpg,1
18450.jpg,1
18600.jpg,1
18750.jpg,1
18900.jpg,1
19050.jpg,1
19200.jpg,1
19350.jpg,1
19500.jpg,1
19650.jpg,1
19800.jpg,1
19950.jpg,1
20100.jpg,1
20250.jpg,1
20400.jpg,1
20550.jpg,1
20700.jpg,1
20850.jpg,1
21000.jpg,1
21150.jpg,1
21300.jpg,1
21450.jpg,1
21600.jpg,1
21750.jpg,1
21900.jpg,1
22050.jpg,1
22200.jpg,1
22350.jpg,1
22500.jpg,1
22650.jpg,1
22800.jpg,1
22950.jpg,1
23100.jpg,1
23250.jpg,1
